<?xml version="1.0" encoding="utf-8" ?>
<Defs>

	<ResearchTabDef>
		<defName>R3_ResearchTab</defName>
		<label>Reclaim, Reuse, Recycle</label>
	</ResearchTabDef>

    <!-- Harvesting -->

	<ResearchProjectDef>
		<defName>R3_BasicHarvesting</defName>
		<label>Basic Harvesting</label>
		<description>Knowledge how to extract parts of basic complexity from corpses.</description>
		<baseCost>500</baseCost>
		<techLevel>Neolithic</techLevel>
        <tab>R3_ResearchTab</tab>
		<researchViewX>0</researchViewX>
		<researchViewY>0</researchViewY>
		<tags>
			<li>TribalStart</li>
		</tags>        
	</ResearchProjectDef>

	<ResearchProjectDef>
		<defName>R3_AdvancedHarvesting</defName>
		<label>Advanced Harvesting</label>
		<description>Knowledge how to extract parts of advanced complexity from corpses.</description>
		<baseCost>750</baseCost>
		<techLevel>Medieval</techLevel>
        <tab>R3_ResearchTab</tab>
		<researchViewX>2</researchViewX>
		<researchViewY>0</researchViewY>
        <prerequisites>
            <li>R3_BasicHarvesting</li>
        </prerequisites>
		<tags>
			<li>ClassicStart</li>
		</tags>        
	</ResearchProjectDef>

 	<ResearchProjectDef>
		<defName>R3_GlittertechHarvesting</defName>
		<label>Glittertech Harvesting</label>
		<description>Knowledge how to extract parts of Glittertech complexity from corpses.</description>
		<baseCost>1000</baseCost>
		<techLevel>Spacer</techLevel>
        <tab>R3_ResearchTab</tab>
		<researchViewX>4</researchViewX>
		<researchViewY>0</researchViewY>		      
        <prerequisites>
            <li>R3_AdvancedHarvesting</li>
        </prerequisites>
	</ResearchProjectDef> 


    <!-- refurbishment -->

	<ResearchProjectDef>
		<defName>R3_BasicRefurbishment</defName>
		<label>Basic Refurbishment</label>
		<description>Knowledge how to sterilze &amp; refurbish reclaimed parts of basic complexity.</description>
		<baseCost>500</baseCost>
		<techLevel>Medieval</techLevel>
        <tab>R3_ResearchTab</tab>
		<researchViewX>1</researchViewX>
		<researchViewY>1</researchViewY>
        <prerequisites>
            <li>R3_BasicHarvesting</li>
        </prerequisites>        
		<tags>
			<li>ClassicStart</li>
		</tags>        
	</ResearchProjectDef>

	<ResearchProjectDef>
		<defName>R3_AdvancedRefurbishment</defName>
		<label>Advanced Refurbishment</label>
		<description>Knowledge how to sterilze &amp; refurbish reclaimed parts of advanced complexity.</description>
		<baseCost>750</baseCost>
		<techLevel>Industrial</techLevel>
        <tab>R3_ResearchTab</tab>
		<researchViewX>3</researchViewX>
		<researchViewY>1</researchViewY>
        <prerequisites>
            <li>R3_BasicRefurbishment</li>
            <li>R3_AdvancedHarvesting</li>            
        </prerequisites>           
	</ResearchProjectDef>

	<ResearchProjectDef>
		<defName>R3_GlittertechRefurbishment</defName>
		<label>Glittertech Refurbishment</label>
		<description>Knowledge how to sterilze &amp; refurbish reclaimed parts of Glittertech complexity.</description>
		<baseCost>1000</baseCost>
		<techLevel>Ultra</techLevel>
        <tab>R3_ResearchTab</tab>
		<researchViewX>5</researchViewX>
		<researchViewY>1</researchViewY>
        <prerequisites>
            <li>R3_AdvancedRefurbishment</li>
            <li>R3_GlittertechHarvesting</li>            
        </prerequisites>        		   
	</ResearchProjectDef>

</Defs>