<?xml version="1.0" encoding="utf-8" ?>
<Defs>
  <WorkGiverDef Abstract="True" Name="R3WorkGiver">
    <giverClass>WorkGiver_DoBill</giverClass>
    <workType>Crafting</workType>        
    <verb>work</verb>
    <gerund>working at</gerund>
    <requiredCapacities>
      <li>Manipulation</li>
    </requiredCapacities>
  </WorkGiverDef>


  <WorkGiverDef ParentName="R3WorkGiver">
    <defName>R3_DoWorkHarvestCorpse</defName>
    <label>harvest corpse</label>
    <giverClass>WorkGiver_DoBill</giverClass>
    <workType>Crafting</workType>
    <priorityInType>90</priorityInType>
    <fixedBillGiverDefs>
      <li>R3_TableHarvesting</li>
    </fixedBillGiverDefs>    
  </WorkGiverDef>

  <WorkGiverDef ParentName="R3WorkGiver">
    <defName>R3_DoWorkRefurbish</defName>
    <label>refurbish/clean part</label>
    <giverClass>WorkGiver_DoBill</giverClass>
    <workType>Crafting</workType>
    <priorityInType>91</priorityInType>
    <fixedBillGiverDefs>
      <li>R3_TableRefurbishment</li>
    </fixedBillGiverDefs>    
  </WorkGiverDef>  
</Defs>