<?xml version="1.0" encoding="utf-8"?>
<ModMetaData>
	<name>Reclaim, Reuse, Recycle</name>
	<author>DoctorVanGogh</author>
    <url>https://github.com/DoctorVanGogh/ReclaimReuseRecycle</url>
	<description>Reclaim implants &amp; added parts from Corpses. Prepare them for reuse in your Colonists.

Now you can *finally* get that trader's eyes you've been so fascinated with.
    </description>    
    <packageId>DoctorVanGogh.ReclaimReuseRecycle</packageId>   
  <supportedVersions>
    <li>1.0</li>
    <li>1.1</li>
  </supportedVersions>
  <modDependenciesByVersion>
      <v1.1>
          <li>
              <packageId>brrainz.harmony</packageId>
              <displayName>Harmony</displayName>
              <steamWorkshopUrl>steam://url/CommunityFilePage/2009463077</steamWorkshopUrl>
              <downloadUrl>https://github.com/pardeike/HarmonyRimWorld/releases/latest</downloadUrl>
          </li>
      </v1.1>
  </modDependenciesByVersion>
  <loadAfter>
    <li>brrainz.harmony</li>
  </loadAfter>
</ModMetaData>